note;commentaire;date;site;scrap_date
5;Lave linge d'excellente qualit√© re√ßu dans les d√©lais. Les 2 personnes qui sont venus ont repris l'ancien sans aucune difficult√©s. Ils ont mis en place la nouvelle machine et ont m√™me branch√© l'arriv√©e d'eau. Je suis √¢g√©e et j'ai trouv√© le service tr√®s pr√©cieux, on a toujours peur quand on commande par Internet d'avoir un service minimum ce qui n'est pas le cas chez UBALDIMerci encore.;2024-02-01 11:29:29;cdiscount.com;2024-02-01 21:07:43
5;1√®re exp√©rience qualitative avec Ubaldi. Site simple √† utiliser et filtres efficaces pour acheter un frigidaire. Produits dans les prix du march√©, plut√¥t vers le bas. Plusieurs SMS envoy√©s pour dire que la commande a √©t√© prise en compte, indiquer le livreur, les horaires, pr√©venir de controler les produits livr√©s...Livraison tr√®s pro. Vendeur √† recommander.;2024-02-01 16:07:30;cdiscount.com;2024-02-01 21:07:43
5;Les livreurs tr√®s s√©rieux La date et l‚Äôheure pr√©vue respect√©es Le service apr√®s vente fantastique tr√®s patient et efficace (les 3personnes que j‚Äôai contact√© )Petit d√©tail n√©gatif re√ßu un appel en num√©ro masqu√© Si non vraiment satisfaite;2024-02-01 15:20:01;cdiscount.com;2024-02-01 21:07:43
5;Exp√©rience plus que satisfaisante. Mon s√®che linge initialement choisi n‚Äô√©tait finalement plus disponible lors de la validation de commande. Ubaldi m‚Äôa alors propos√© le mod√®le sup√©rieur pour le m√™me prix. Livraison en 48 heures par un prestataire exemplaire qui en plus de respecter les horaires du cr√©neau choisi  sont d une politesse et d une gentillesse qui franchement est rare ! Je recommande les yeux ferm√©s ce site par sa fiabilit√© et son efficacit√©;2024-02-01 11:32:55;cdiscount.com;2024-02-01 21:07:43
4;j'ai command√© une machine √† laver,comme c‚Äô√©tait pr√©vu la reprise de mon ancienne machine devait √™tre reprise par le transporteur.celui ci m'a dit que son v√©hicule √©tait plein .donc est reparti et m'a laisser l'ancienne machine sur les bras.pourriez-vous m'indiquer la suite de la proc√©dure cordialement;2024-02-01 15:11:38;cdiscount.com;2024-02-01 21:07:43
5;Produit achet√© √† un prix tr√®s int√©ressant . Livraison tr√®s rapide ... retard√©e par CHRONOPOST , qui m'envoie un message pour me dire livraison √† telle heure ... et me bloque tout un samedi ... et qui ne vient pas sans pr√©venir.Livraison faite apr√®s le we finalement .;2024-02-01 09:27:31;cdiscount.com;2024-02-01 21:07:43
5;La t√©l√©vision oled Philips ambilight √©tait la moins cher chez ubaldi et en plus livr√© dans la pi√®ce qu'on souhaite. Dommage que ce n'est pas install√© aussi comme chez Boulanger.;2024-02-01 11:30:57;cdiscount.com;2024-02-01 21:07:43
5;Je commande sur UBALDI depuis plus de 10 ans. Je n‚Äôai jamais eu de probl√®me. Les livraisons sont rapides et les d√©lais respect√©s. Les prix sont comp√©titifs. J‚Äôai eu l‚Äôoccasion de me rendre dans l‚Äôun de leur magasin dans le 91. Le personnel est formidable (accueil, renseignement ..);2024-02-01 12:23:59;cdiscount.com;2024-02-01 21:07:43
5;Matelas command√© le 25/01/2024 et re√ßu aujourd‚Äôhui, le 31/01/2024 comme demand√© lors de la commande. Tr√®s bon suivi du colis puisque j‚Äôai re√ßu des sms du transporteur √† chaque √©tape cl√©. Service de livraison excellent, j‚Äôai √©t√© notifi√©e du cr√©neau pr√©vu hier et ce matin un nouvel sms m‚Äôindiquait une heure pr√©cise. Les livreurs ont √©t√© ponctuels et ont effectu√© ce qui leur avait √©t√© demand√© avec professionnalisme. Pour une premi√®re exp√©rience avec ce site web et ce transporteur je suis pleinement satisfaite. Le produit re√ßu correspond √† mes attentes. Il est de bonne facture, fabriqu√© par une marque de grande renomm√©e, et tr√®s confortable, le tout pour un prix tr√®s raisonnable et avec livraison offerte.Je recommande sans h√©siter.;2024-01-31 14:47:32;cdiscount.com;2024-02-01 21:07:43
4;Le site m‚Äôa √©t√© conseill√© par des amis et je ne regrette pas le choix de mon achat sur ce site.Le livraison a √©t√© effectu√©e avec soins,avec des livreurs qui ont pris le temps de d√©baller le colis, et me laisser valider que ma commande √©tait conforme. le seul soucis et je trouve cela dommage c‚Äôest que au moment de ma commande plusieurs dates m‚Äôont √©t√© propos√©es (point positifs) et valid√©es. Sauf que la veille de la livraison j‚Äôai re√ßu un sms du transporteur m‚Äôinformant que je devais re valider une nouvelle date car la livraison √©tait impossible ce jour l√† . et bien entendu il a fallu attendre la semaine qui suit et il a fallu se r√©organiser pour se rendre disponible.Dommage ‚Ä¶.;2024-02-01 16:44:24;cdiscount.com;2024-02-01 21:07:43
4;Magnifiques prestations sonores de cette baffe de marque reconnue. Les effets de lumi√®res am√®nent un plus, plut√¥t sympa. Quelques soucis avec le prestataire de livraison. Je viens, je ne viens plus. Je reviens, je ne reviens plus... MAis bon.... Mais tr√®s satisfaits du produit et c'est bien le plus important. UBALDI nous a comme souvent offert un tarif plut√¥t comp√©titif.;2024-02-01 12:48:29;cdiscount.com;2024-02-01 21:07:43
1;"Livraison aujourd'hui d'un lave vaisselle chez ma maman √¢g√©e.Les personnes qui sont venues n'ont pas √©t√© capables d'installer l'appareil sous pr√©texte que les tuyaux sont vieux et sont repartis en disant ""coupez l'eau et appelez un plombier"".C'est inadmissible de laisser une personne √¢g√©e comme √ßa.Je suis extr√™mement m√©contente.Peut √™tre qu'il serait judicieux d'envoyer des personnes comp√©tentes faire les installations.";2024-02-01 15:23:57;cdiscount.com;2024-02-01 21:07:43
3;Vraiment tr√®s bien concernant les articles et les prix . Mais Ubaldi devrait √™tre plus vigilant dans le choix de ses transporteurs notamment Chronopost qui a un service d√©plorable. Mon article m'a √©t√© livr√© 14 jours apres son exepdition, suite √† de nombreux contacts au t√©l√©phone et pr√©textes pour non-livraison √† mon domicile. Finalement j'ai d√ª aller le chercher dans un point relais ....;2024-02-01 13:04:20;cdiscount.com;2024-02-01 21:07:43
1;Bonjour, livraison rapide cependant le colis ab√Æm√©, le livreur n'a pas fait le tour pour v√©rifier avec nous ! 1 semaine pour traiter le dossier puis 1 semaine pour retirer le colis et 1 semaine pour nous avertir par mail qu'ils effectuent un remboursement alors qu'on avait demand√© une r√©exp√©dition !!! Le televendeur irrespectueux... Raccroche au nez !!Point positif remboursement rapide et comme quelqu'un l'a d√©j√† dit, quand y'a pas de probl√®me tout va et quand y'a un souci c'est une CATA. Mauvaise exp√©rience.;2024-02-01 19:48:30;cdiscount.com;2024-02-01 21:07:43
5;"Commande d'une  Crepiere  Billig le dimanche soir ; re√ßue le mardi (en moins de 48h). Aussi rapide qu'amazon prime mais livraison gratuite. Prix 15%  moins cher du march√© .";2024-02-01 10:49:57;cdiscount.com;2024-02-01 21:07:43
5;Tr√®s satisfaite sur la livraison. Livreur tr√®s sympa et comp√©tent. C'est la premi√®re fois que j'utilise la marque Indesit. Je suis enchant√©e par le lave-linge que j'ai achet√©. Merci au livreur et √† Ubaldi.;2024-01-31 11:29:54;cdiscount.com;2024-02-01 21:07:43
5;Site facile et complet. Suis tr√®s contente de mon frigo....beau, silencieux et livr√© par 2 personnes dans la pi√®ce de mon choix, dans les d√©lais et en bon √©tat. Les emballages ont √©t√© remport√© par le transporteur.  Le r√®glement en 4 fois par PayPal facilite le r√®glement.  Je recommande Ubaldi;2024-01-31 15:14:53;cdiscount.com;2024-02-01 21:07:43
5;Article en stock √† bon prix. Livraison rapide et soign√©e. Le livreur a d√©ball√© le T√©l√©viseur et a test√© son bon fonctionnement avec moi avant de partir.;2024-02-01 11:30:15;cdiscount.com;2024-02-01 21:07:43
5;Une exp√©rience tr√®s positive avec Ubaldi √† Menton. J'ai achet√© un micro-ondes De Dietrich, qui est excellent, et la livraison a √©t√© efficace. Cependant, il y a eu un probl√®me avec l'installation correcte car l'espace de rangement existant dans ma cuisine √©tait trop grand, laissant un espace vide en haut.  Ubaldi a depuis r√©gl√© le probl√®me sans faute et je suis extr√™mement satisfait de l'assistance que j'ai re√ßue du responsable du magasin Ubaldi de Menton, du temps qu'il a consacr√© √† r√©gler mon probl√®me et de la communication entre nous.  Le poser venu r√©installer correctement mon micro-ondes a √©t√© tr√®s efficace aussi, patient et minutieux. Merci Menton d'avoir encore une fois fait du bon travail pour moi et je continuerai certainement √† utiliser ce magasin √† l'avenir.;2024-01-31 13:41:18;cdiscount.com;2024-02-01 21:07:43
5;Site  Ubaldi facile √† utiliser, recherches conformes √† mes attentes, d√©lai de livraison tel qu'annonc√©. Bien que visiblement  press√©, le livreur n a pas esquiv√© l'ouverture du colis avant acceptation.;2024-02-01 11:32:36;cdiscount.com;2024-02-01 21:07:43
3;Canap√© conforme, mis √† part 2 traces de feutre sur une assise, sans grande cons√©quence puisque dissimul√©es au montage par le dossier.Je regrette √©galement la non reprise 1/1 qui pourtant avait √©t√© signal√©e lors de la commande.Par contre les dates de livraison (du 26/01/24 au 02/02/24 )n'ont pas √©t√© respect√©es. Notification de livraison le 24/01/2024 pour une livraison entre 10-12H le jour m√™me, puis livraison retard√©e au d√©but d'apr√®s-midi 13-14h  ce qui m'a mis dans l'embarras au niveau de mon travail.Certes habitatetjardin r√©pond tout en s'excusant, mais aucune proposition de geste co. de leur part. S'e√ªt √©t√© la moindre des choses!;2024-01-30 08:36:49;cdiscount.com;2024-02-01 21:07:43
3;Habitat et jardin : Satisfait globalement sauf pour un d√©tail important :Les erreurs et impr√©cisions sur les mat√©riaux.Je vous avais contact√© pour conna√Ætre les mati√®res et leurs r√©sistances: vous m‚Äôaviez r√©pondu que la structure √©tait en aluminium, et la plastique un type polypropyl√®ne.C‚Äôest en partie faux car il y a de l‚Äôacier qui rouille dans votre structure. Et √ßa commence d√©j√† √† rouiller. Le rail du toit pour exemple. La peinture est ray√©e et √ßa rouille. Je pense qu‚Äôil y a d‚Äôautres zones dans ce cas.C‚Äôest inadmissible de vanter ses qualit√©s de r√©sistance aux intemp√©ries‚Ä¶Dans votre fiche technique vous notez : mati√®re : r√©sine. C‚Äôest erron√© , impr√©cis, et non technique.C‚Äôest trompeur vous devriez corriger.Cordialement;2024-01-28 17:12:48;cdiscount.com;2024-02-01 21:07:43
2;Parce qu‚Äôau moment du paiement ma carte ne passait pas, j‚Äôai du recommencer 3 fois la transaction. Donc mon compte bancaire a √©t√© pr√©lev√© 3 fois ‚Ä¶ les 2 premieres commandes ont ete annul√©es sans probl√®me dans les jours qui ont suivi, j‚Äôattends toujours les remboursements. La commande qui a finalement √©t√© valid√©e ne reprenait pas le reduction des frais de port de 6‚Ç¨. La commande portant sur des articles soldes, la reduction de 10‚Ç¨ de bienvenue n'a pas pu √™tre appliqu√©e. Neanmoins la livraison a ate tres rapide, bien avant les remboursements attendus !;2024-01-24 23:23:51;cdiscount.com;2024-02-01 21:07:43
1;Bonjour,je n'ai jamais √©t√© livr√© il a fallu que j'aille chez le transporteur pour r√©cup√©rer mon Colis apr√®s une semaine de r√©clamations sans aucun retour de la part de Habitat et Jardin La raison il manque un colis. Il est impossible de joindre Habitat et jardin soit par t√©l√©phone ou par mail !!!!un service client inacceptable !!!!! Maintenant je pense que le colis manquant ne me sera pas rembours√©...qui joindre ????FUYEZ CE SITE IMP√âRATIVEMENT LEUR SEULE QUALIT√â PRENDRE VOS PAIEMENTS!;2024-01-20 10:09:15;cdiscount.com;2024-02-01 21:07:43
3;Apr√®s avoir pass√© une commande de 3 lots de 2 chaises, nous avons eu la mauvaise surprise de ne re√ßevoir qu'un seul lot de deux chaises.La commande √©tant valid√© et livr√©, nous sommes toujours dans l'attente d'une r√©ponse du sav et de nos quatres chaises.En esp√©rant que le probl√®me ce r√®gle rapidement et sans recours.;2024-01-22 09:30:10;cdiscount.com;2024-02-01 21:07:43
1;Aucune nouvelle depuis que j ai pass√© commande (14/01): pas de mail de confirmation d envoi, j attend ma commande et cela m‚Äôinqui√®te de recevoir une demande de retour suite √† mon achat‚Ä¶ que je n‚Äôai pas encore Cordialement;2024-01-21 22:10:26;cdiscount.com;2024-02-01 21:07:43
4;J'ai eu un beug sur ma commande apr√®s avoir inform√© mes coordonn√©es bancaires, j'ai donc du appeler le service client dont l'appel est payant, ce qui n'est pas commer√ßant je trouve.J'ai re-saisi ma commande qui s'est parfaitement d√©roul√©e par la suite.;2024-01-18 23:42:38;cdiscount.com;2024-02-01 21:07:43
1;Ne pas acheter de serre jardin!!!!!! Produits contrefait (chinoiserie absolue) toutes les vis se devises au fur et √† mesure du temps,du vent, plaques de 3 mm d'√©paisseur au 1 er coup de vent √ßa s'envole tout √ßa pour 500 balles.Il manquait 8 articles dans le montage, j'ai du faire appel au service technique surtax√©. On me propose un bon de r√©duction de 10 euros pour le d√©dommagement. NE RIEN ACHETER SUR HABITAT ET JARDIN;2024-01-18 17:34:51;cdiscount.com;2024-02-01 21:07:43
1;Colis arriv√© remballer par le livreurChocs sur les pieds des chaises non prot√©g√©sVisseries absente pour 4 chaises Un honte de recevoir cela !! J'ai demand√© un d√©dommagement... On m'a propos√© un bon achat de 20‚Ç¨ sur leur site, hors de question que je re commande chez euxPersonne ne m'as contacter par t√©l√©phone;2024-01-22 15:58:58;cdiscount.com;2024-02-01 21:07:43
5;Commande sans probl√®me et livraison rapide et dans de bonnes conditions.;2024-01-31 08:51:48;cdiscount.com;2024-02-01 21:07:43
5;le site est agr√©able, facile √† utiliser, les prix tr√®s attractifs, facilit√© de paiement;2024-01-29 19:33:02;cdiscount.com;2024-02-01 21:07:43
5;Tout c‚Äôest bien pass√©. Envoi rapide, au lendemain de ma commande, pour une livraison pr√©vu deux jours apr√®s. Respect des d√©lais et un bon suivi colis. Article bien emball√© üëçüèº;2024-01-23 15:21:51;cdiscount.com;2024-02-01 21:07:43
4;Achat d' un fauteuil relax bukimgam, livraison dans carton impeccable. Seulement 3 √©l√©ments √† monter sans notice sans explications. Pour basculer le dossier il faut s appuyer dessus avec le dos. Pour remettre le repose pieds en place appuyer avec les jambes jusqu au clic.;2024-01-12 14:00:36;cdiscount.com;2024-02-01 21:07:43
1;J'ai command√© chez eux le 10 Janvier 2024,deja pour suivre le colis c'est pas pratique cest groupe mazet,apr√®s commerces messagerie. J'appelle c'est soci√©t√© la pour savoir ou en est mon colis. Et la j'ai le monsieur qui verifie les colis qui me dit qui voie en photos un lit avec des trou partout qu'il la mal √©t√© prot√©g√©,2eme photos le bois abimer bref un produits d√©fectueux comme il ma dit,et qui pourrait pas me livr√©e la marchandise dans cette √©tat la. D√©la vous imagin√©e mon m√©contentement ... Je contacte directement Habitat et jardin la ou jai commender le lit et la plus personne repond jai appel√© 25 fois aucune de leur pas. Je souhaite √™tre rembourser et plus rien a faire avec eux. Je lu les avis bien apr√®s que du n√©gatif a par ceux qu'ils on re√ßu parfois des colis correct c'√©tait juste un coup de chance... un site a FUIR !!!!!;2024-01-18 23:08:10;cdiscount.com;2024-02-01 21:07:43
5;Rien √† reprocher ... envoi tr√®s rapide, livraison parfaitement d√©roul√©e, produit conforme √† ce que j'attendais, de bonne facture, fonctionne bien.;2024-01-24 23:07:11;cdiscount.com;2024-02-01 21:07:43
5;Efficace pour la livraison et conforme pour le produit;2024-02-01 08:24:23;cdiscount.com;2024-02-01 21:07:43
5;Qualit√© surprenante Je suis fan et tr√®s satisfaite de mon achat;2024-01-30 06:44:13;cdiscount.com;2024-02-01 21:07:43
1;Habitat et jardin a une pratique commerciale d√©plorable.Mat√©riel dispo lors de la commande (870‚Ç¨), r√®glement encaiss√© imm√©diatement et quelques jours plus tard alors que j'attendais la livraison annonc√©e dans les 2 √† 3 jours suivants, le mat√©riel n'est plus en stock!!! R√©approvisionnement pr√©vu dans environ 3 mois.Facile de proc√©der comme √ßa et de faire travailler l'argent des clients en attendant le remboursement qui tarde √† venir.Grosse marge de progression pour ce vendeur peut scrupuleux qui n'est pas √† fr√©quenter, Site est en relation avec des vendeurs bien not√©s comme  Leroy Merlin et ManoMano et d'autres je ne comprends pas qu'on puisse travailler avec des gens comme √ßa sans ternir son image et surtout sans v√©rifier leur fiabilit√©.;2024-01-11 14:02:19;cdiscount.com;2024-02-01 21:07:43
3;Les meubles sont conformes √† leurs descriptions et les d√©lais de livraison ont √©t√© beaucoup plus rapides qu'annonc√©s sur le site (positif).Par contre, 2 colis sur 3 ont √©t√© livr√©s abim√©s. Les meubles √©taient ray√©s ou des angles abim√©s √† l'ouverture des cartons.Les meubles n'ont pas √©t√© renvoy√©s car les rayures √©taient surtout sur l'arri√®re, mais nous ne ferons plus d'achat sur ce site.;2024-01-13 15:20:56;cdiscount.com;2024-02-01 21:07:43
1;Tr√®s mauvaise exp√©rience, commande en septembre 2023. D√©lai pour la livraison d√©j√†, puis sur deux colis les deux avaient des pi√®ces manquantes donc serre et embase immontables et depuis le SAV n'est pas au rendez-vous, pas de remboursement et pas d'envoi des pi√®ces manquantes (nous sommes le 08/01/2024)... je d√©conseille donc vivement !;2024-01-08 13:09:08;cdiscount.com;2024-02-01 21:07:43
4;Lors de l'achat,  j'avais un d√©lai de livraison de 3 mois 1/2 et finalement j'ai √©t√© livr√© 1 mois 1/2 apr√®s,  donc 2 mois d'avance ce qui a √©t√© la bonne surprise.  Par contre,  il manque sur la notice explicative de montage,  la pr√©cision que certaines pi√®ces sont sous un scratch dans la t√™te de lit. Ce qui √©viterait une perte de temps pour tout le monde,  et l'√©nervement pour moi car il est impossible de vous joindre par t√©l√©phone;2024-02-01 19:00:15;cdiscount.com;2024-02-01 21:07:43
5;J'avais lu des commentaires d√©cevants √† propos de Menzzo, mais j'ai appel√© le service client pour en savoir plus, et je suis tomb√© sur une personne tr√®s aimable qui m'a rassur√©.J'ai donc command√© mes fauteuils, et j'ai √©t√© livr√© la semaine suivante sans cartons abim√©s ou d√©chir√©s comme j'ai pu le lire. Les fauteuils sont arriv√©s en bon √©tat. J'ai peut-√™tre eu de la chance...;2024-02-01 10:50:43;cdiscount.com;2024-02-01 21:07:43
5;J'ai d√©j√† r√©pondu √† ce questionnaire mais je renouvelle le commentaire.Achat de chaises identiques aux photos du site.Colis tr√®s bien emball√©,  livraison rapide Livreur tr√®s professionnel Je recommande le s√©rieux de ce site.;2024-01-31 13:11:19;cdiscount.com;2024-02-01 21:07:43
3;2√®me achat chez Menzzo.Le 1er s'√©tait tr√®s bien pass√©.Pour le 2nd, la livraison a √©t√© plus qu'√©pique (j'ai du me d√©placer dans 3 villes diff√©rentes de mon lieu d'habitation pour le retrouver).Que ce soit le service de livraison (chronopost) que le SAV Menzzo (injoignable par t√©l... il faut prendre RDV), le service est d√©plorable. Le tout pour 25‚Ç¨ de frais de livraison !En revanche satisfait du produit.;2024-02-01 10:34:20;cdiscount.com;2024-02-01 21:07:43
5;La commande s'est pass√©e parfaitement.La livraison est arriv√©e tr√®s vite.Aucun souci √† relever.Seul petit b√©mol, je pensais pouvoir retirer directement mon achat √† l'entrep√¥t, mais la solution n'√©tait pas propos√©, obligeant a payer une livraison.;2024-01-31 14:35:16;cdiscount.com;2024-02-01 21:07:43
3;Livrer 3 semaine plus tard cartons d√©fonc√© abats jour lampe ab√Æm√© j'ai cru √™tre livr√© √† P√¢ques du cadeau de No√´l de mes parents J‚Äôai √©t√© rappel√© suite √† mon m√©contentement et ils m‚Äôont propos√© geste commercial, beau suivi commercial et correctif appliqu√© imm√©diatement;2024-02-01 12:57:24;cdiscount.com;2024-02-01 21:07:43
5;A part la livraison qui a √©t√© tr√®s compliqu√©e, je suis tr√®s satisfaite de mon achat, le d√©sign de mes chaises me pla√Æt beaucoup, elles sont tr√®s confortables et de qualit√©. Je ne suis pas du tout d√©√ßue maintenant √† voir dans le temps...;2024-01-31 10:29:16;cdiscount.com;2024-02-01 21:07:43
1;Lamentable meuble command√© le 26 novembre pour  normalement livraison vers le 13 d√©cembre,  apr√®s 15 relances par mail (car pas de no de t√©l√©phone bien entendu) j'ai menac√© de me  faire rembourser la totalit√© de mon meuble si je n'√©tais pas livr√© le 24 janvier. Par miracle le 24 janvier enfin l'appel du transporteur pour me livrer l'apr√®s midi. Je d√©conseille fortement 1er et dernier achat aucun SAV et aucun respect pour le client. Et le meuble TV SYBILLE noir la planche du dessus n'est pas la m√™me couleur  que le reste du meuble il est bcp plus fonc√©...JE REGRETTE BCP MON ACHAT ET DECONSEILLE FORTEMENT CE SITE.;2024-01-31 22:01:11;cdiscount.com;2024-02-01 21:07:43
5;Livraison √† temps, J'avais un petit souci avec la commande, le SAV √©tait r√©actif et ils ont propos√© des gestes commerciaux, remboursement d'une partie du paiement o√π un coupon avec 30% de la commande.Merci Menzzo, vous avez maintenant un nouveau client fid√®le !;2024-01-26 11:56:53;cdiscount.com;2024-02-01 21:07:43
1;Sav m√©diocre ! Tr√®s compliqu√© de les joindre lors d'une r√©clamation. Re√ßu une table dans un √©tat lamentable invendable irr√©parable le sav me propose un remboursement de 30‚Ç¨ ü§£ ! Bien s√ªr je refuse, il me propose 60‚Ç¨ (j'ai pay√© la table  176‚Ç¨) et en me disant que le remboursement serait long ect pour me d√©courager, je refuse encore une fois la table √©tant compl√®tement ab√Æm√©e , il me r√©pond donc que je dois me d√©brouiller pour emballer une table !! Que sans les photos de la table emball√©e il n'enverrai pas le transporteur et donc pas de remboursement ! Je suis ravie de subir leurs probl√®mes !!!!;2024-02-01 14:27:20;cdiscount.com;2024-02-01 21:07:43
1;Livraison tardiveProduit de mauvaise qualit√©Produit pr√©sent√© avec une taille et en fait beaucoup plus petitNe fonctionnait pas car c√¢blage en trois morceaux, raccord√© avec chatterton mais les fils non d√©nud√©s et qui ne se touchaient pas. Avons d√ª refaire tout le photo √† l'appui si besoin.;2024-02-01 10:26:56;cdiscount.com;2024-02-01 21:07:43
1;Le livreur a balanc√© mon colis  par dessus le portail de chez moi, une planche est compl√®tement enfonc√© !J etais pourtant chez moi, je l ai dit au livreur par SMS! Il ne m a m√™me pas appel√© juste un SMS pour me dire qu il le d√©pose j ai r√©pondu que j etais chez moi , je suis sortie et j ai trouver le colis devant mon portail du c√¥t√© de ma maison, il l a donc balance par dessus car le portail √©tait ferm√© √† clef!;2024-01-31 19:54:53;cdiscount.com;2024-02-01 21:07:43
3;Je ne peux pas juger le produit command√© car je ne l'ai jamais re√ßu. le colis a √©t√© perdu par le transporteur.Toutefois je vous remercie d'avoir relanc√© la commande et de m'avoir toujours r√©pondu lors de mes diff√©rentes interrogations.En attendant une livraison prochaine.Salutations;2024-01-29 13:02:59;cdiscount.com;2024-02-01 21:07:43
2;D√©√ßue...J'ai command√© un lampadaire √† arc sur pied. L'abat-jour en plastique et tissu est arriv√© en mauvais √©tat : il a √©t√© enfonc√© √† plusieurs endroits et les marques sont bien visibles... Rien √† dire concernant la tige en m√©tal dor√© qui est, quant √† elle, impeccable.;2024-02-01 14:16:18;cdiscount.com;2024-02-01 21:07:43
1;"Command√© 5 tabourets de bar en novembre: premier point n√©gatif: livraison en retard; deuxi√®me point n√©gatif: qualit√© du mat√©riel m√©diocre, bancal ... On renvoie;Troisi√®me point n√©gatif: commande retourn√©e depuis un mois, pas de nouvelles pour le remboursement, aucune r√©ponse aux nombreux mails, aux appels, rdv t√©l√©phonique pris avec le SAV NON HONOR√â ?!!Je n'ai aucune information concernant mon remboursement. Je vous d√©conseille FORTEMENT de commander chez eux";2024-02-01 11:11:53;cdiscount.com;2024-02-01 21:07:43
1;Le livreur n'a pas livr√© au pied de la porte mais  30 m et les paquets √©taient tr√®s lourd or qu'il avait la place pour se garer juste devant la porte √ßa a √©t√© tr√®s dur de porter les paquets chez mou;2024-01-31 22:16:54;cdiscount.com;2024-02-01 21:07:43
4;La livraison est conforme √† la commande. La notice, succincte et en langue √©trang√®re, est cependant compr√©hensible. Le delai de livraison est par contre √† la limite de l'acceptable. Plus d'un mois de retard sur la date pourtant annonc√©e, aucune information sauf en r√©ponse aux relances.;2024-01-25 11:39:06;cdiscount.com;2024-02-01 21:07:43
1;Commande juin 2023 d'un meuble de 350‚Ç¨. Livraison plus longue qu'indiqu√©e, colis avec des pi√®ces abim√©es et des pi√®ces absentes. Apr√®s de nombreuses d√©marches, par mail, beaucoup de promesses, y compris un remboursement promis en cas de non livraison fin d√©cembre. Promesse non tenue, transporteur mis en cause par Menzzo. A ce jour, 29/01/2024 les pi√®ces de rechanges toujours pas livr√©es. L'entreprise a refus√© l'intervention du m√©diateur. Impossible de les joindre par t√©l√©phone. Avec tous les avis n√©gatifs depuis des mois, MENZZO continue d'escroquer les clients. Que fait la DGCCRF.;2024-01-29 20:54:12;cdiscount.com;2024-02-01 21:07:43
2;Service client injoignable par tel.Quand on prend rdv, on ne nous rappelle pas.Contact par mail insatisfait. La r√©ponse ne correspond pas √† la question.Livraison beaucoup trop longue. Pas de suivi.Information. incoh√©rentes sur le suiviBref jamais je ne referais de commande avec ce site;2024-02-01 11:30:36;cdiscount.com;2024-02-01 21:07:43
1;Le fournisseur a g√©n√©r√© un doublon de commande et refuse de rembourser les frais de port (98 ‚Ç¨ x2) alors que nous n'avons toujours pas notre article command√©. Le SAV est de tr√®s mauvaise foi et pas moyen d'avoir un interlocuteur au t√©l√©phone. Quant √† BUT, ils se d√©robent derri√®re leur partenaire.ATTENTION AVIS TR√àS D√âFAVORABLE POUR MENZOO ET BUT EN LIGNE.;2024-01-30 16:03:17;cdiscount.com;2024-02-01 21:07:43
5;Depuis quelques ann√©es , seul un lecteur de DVD me permettait d'√©couter les CD. Je voulais gagner en qualit√© audio avec une platine d√©di√©e. C'est fait ! Nette diff√©rence gr√¢ce aussi √† un c√¢blage √† la hauteur.Livraison dans le d√©lais annonc√© , prix doux lors des soldes de Janvier 2024;2024-02-01 11:32:34;cdiscount.com;2024-02-01 21:07:43
5;La lecture de ce livre vous en apprendra beaucoup sur votre fonctionnement face au changement, le votre et celui de vos √©quipes.L'application de cette m√©thode vous fera gagner beaucoup de confiance, de temps et d'argent.Je le recommande √† tous, particuliers et professionnels.;2024-02-01 10:33:26;cdiscount.com;2024-02-01 21:07:43
5;La Fnac Ternes, c'est un des derniers magasins physiques de l'enseigne √† Paris √† absolument sauvegarder. Je dois traverser la Seine pour venir dans ce temple des produits culturels et je le fais d√®s que j'ai du temps le weekend. Le magasin est spacieux, la s√©lection encore vari√©e (m√™me si les rayons de culture de masse envahissent peu √† peu les espaces autrefois pr√©serv√©s des produits culturels plus exigeants (musique classique...), on est loin de l'√©poque o√π il √©tait possible d'√©couter un bel enregistrement de piano dans un salon auditorium...les conseils des vendeurs notamment aux rayons musique classique...et le magasin est tout simplement beau √† l'ext√©rieur comme √† l'int√©rieur. Mention sp√©ciale pour les rayons livres aux 3√®me et 4√®me √©tages, musique classique au 2√®me certes r√©tr√©ci, DVD et Blurays o√π l'on ne trouve pas que les blockbusters...Merci √† tout le staff d'√™tre pr√©sent 7 jours sur 7 pour nous accompagner dans notre loisir culturel. Il faut sauver les beaux et bons magasins physiques, il faut aller √† la Fnac Ternes!;2024-02-01 10:31:38;cdiscount.com;2024-02-01 21:07:43
5;Bonne r√©action du service client de la Fnac qui a vite agit pour me rembourser la premi√®re commande qui n‚Äôavait semble-t-il pas √©t√© exp√©di√©. Pas tr√®s fan du prestataire de livraison (chronopost) par ailleurs, pour avoir d√©j√† eu pas mal de probl√®mes avec eux.;2024-01-31 14:21:06;cdiscount.com;2024-02-01 21:07:43
1;Inadmissible !!!J'ai achet√© un ordinateur lors des soldes. Le colis m'a √©t√© remis vide. Le SAV a √©t√© imm√©diatement averti. Le service ADV qui traite les demandes tout simplement clos ma demande sans m'avertir, ce que j'ai d√©couvert hier. Je suis client Fnac+ depuis des ann√©es, je leur ach√®te mon mat√©riel informatique r√©guli√®rement... J'aurais appr√©ci√© que la Fnac ne se r√©fugie pas derri√®re des closes contractuelles contestables. Je recommande que le SAV soit g√©r√© par des commerciaux et non pas des juristes !!;2024-01-31 17:06:38;cdiscount.com;2024-02-01 21:07:43
5;"Il y a √©videmment mieux sur le march√© de la VR, mais ce sont des casques d√©pendant d'un super PC derri√®re, et surtout qui sont beaucoup plus chers √† l'achat. Si vous souhaitez une tr√®s bonne exp√©rience VR (voir des films sur un √©cran g√©ant, des videos 360¬∞, de la 3D, des jeux tr√®s immersifs) et cela sans disposer du dernier PC √† 3000 ‚Ç¨, foncez. Et si en plus vous b√©n√©ficiez d'un PC avec au moins une carte graphique r√©cente, alors vous pourrez en plus b√©n√©ficier des jeux encore plus immersifs, avec une r√©solution graphique correcte, de votre √©cran PC ""g√©ant"", etc. La r√©alit√© augment√© est un vrai plus, dont le potentiel n'est pas encore bien exploit√©.";2024-01-30 11:15:35;cdiscount.com;2024-02-01 21:07:43
5;RAS, commande et livraison standards.  Colis tr√®s bien emball√©.Tr√®s bon son, beaucoup mieux que ma vieille charge 2, quoique des fois, en fonction de la pi√®ce et de l'emplacement de l'enceinte, les basses peuvent √™tre un peu trop pr√©sentes par rapport au volume des medium et aigus. RAS pour l'autonomie, plus de 2 jours complets d'affil√©s √† faible volume.;2024-01-30 11:12:12;cdiscount.com;2024-02-01 21:07:43
5;J'adore fl√¢ner dans les rayons de la FNAC, parcourir le magasin, d√©couvrir par surprise un livre, √©couter un morceau de musique, avoir un conseil avis√© d'un vendeur.... c'est tellement plus agr√©able et humain qu'une commande sans √¢me sur un site internet .... ! Soutenons les vrais commerces qui animent nos villes et nous enrichissent de culture !;2024-01-26 23:04:52;cdiscount.com;2024-02-01 21:07:43
4;Fnac Angers : vendeurs tr√®s gentils et agr√©ables mais il faisait beaucoup trop chaud‚Ä¶ bon courage aux vendeurs qui y travaillent et qui doivent le supporter toute la journ√©e;2024-01-30 10:40:23;cdiscount.com;2024-02-01 21:07:43
5;Les figurines sont top, mes premi√®res funko pop. Je n'aurais jamais penser les avoir si peu cher (4‚Ç¨ pi√®ce). Je suis ravie !    Par contre je les ai fait livrer en relais colis et le transporteur √† perdu le paquet donc √ßa a mis un peu de temps √† arriver.;2024-02-01 11:40:42;cdiscount.com;2024-02-01 21:07:43
3;"Manque de disponibilit√© des vendeurs ""techniques"", c'est √† dire ceux qui peuvent vous orienter dans votre achat.Lorsque l'on choisit Apple, on ne s'attend pas √† une remise, √† un prix bas. Donc le prisx n'est le facteur d√©terminant de l'achat .Par contre, qui peut nous guider en faction de l'usage ?";2024-02-01 17:41:55;cdiscount.com;2024-02-01 21:07:43
5;Ayant pu profiter d'une offre promotionnelle avec livraison tr√®s rapide (1 jour avant la date pr√©vue), je souhaite que ces op√©rations seront encore plus nombreuses √† l'avenir.;2024-02-01 14:56:43;cdiscount.com;2024-02-01 21:07:43
5;Ce livre est ce que beaucoup attendions ! En effet, la plupart des ouvrages sur la voix sont complexes, flous ou/et disent tout et leurs contraire en terme de geste vocal.Elena nous prouve qu'avec des outils pr√©cis et efficaces le geste vocal devient facile et libre. Je suis moi m√™me coach vocal et c'est le livre r√©f√©rence que je propose √† mes coach√©s. √Ä mettre dans toutes les mains de ceux qui veulent apprendre √† chanter en conservant leur sant√© vocale.Bravo √† l'auteure.;2024-01-30 12:40:05;cdiscount.com;2024-02-01 21:07:43
1;J'ai command√© une BD sur le site et je l'ai re√ßu en anglais. J'ai appel√© le service client dans un premier temps m'adresse un bon de retour pour √©change puis me rappelle pour me dire refus car indiquer sur le site. Entretemps la mention en anglais a √©t√© rajout√©, je suis tellement d√©√ßue de cette attitude.;2024-01-30 18:05:34;cdiscount.com;2024-02-01 21:07:43
1;"Propose des prix pour le black Friday qu'ils ne peuvent pas tenir et ainsi les commandes ne sont pas honor√©es; obligeant , apr√®s plusieurs mois d'attente √† les annuler. Perte de temps et d'argent avec cette enseigne.";2024-02-01 18:17:06;cdiscount.com;2024-02-01 21:07:43
5;Tr√®s satisfaite de pouvoir commander des livres et les faire livrer o√π je veux (magasin ou domicile).Cela permet de d√©couvrir de nouveaux auteurs car le panel de choix est assez vaste;2024-01-29 13:48:29;cdiscount.com;2024-02-01 21:07:43
5;Je fais enti√®rement le ma√Ætre du jeu avec la voix du Nain. Les enfants sont fans. C'est un JDR laissant moins de place √† l'improvisation et o√π les jets de d√©s sont remplac√©es par des √©preuves. Celles-ci ont des r√®gles simples et accessibles √† tous, mais il faudra de la concentration et une bonne synchronisation pour les r√©ussir.;2024-01-29 10:42:05;cdiscount.com;2024-02-01 21:07:43
5;J'ai achet√© ce PC dans cette configuration principalement pour de la bureautique personnel ainsi que pour regarder des vid√©os. De plus mon t√©l√©phone et ma tablette sont aussi du Samsung, du coup les 3 se connectent ensemble pour une cohabitation totale c'est vraiment top et tout se que j'attendais.;2024-01-29 12:59:02;cdiscount.com;2024-02-01 21:07:43
5;Site internet un peu trop charg√©. Toujours le pseudo programme de remboursement pi√©geux chez un ¬´¬†partenaire¬†¬ª √† l‚Äôissue de la commande. Mais tout ceci est compens√© par le service et la comp√©tence des collaborateurs. Livraison au top.;2024-01-28 09:36:38;cdiscount.com;2024-02-01 21:07:43
1;Cela fait la deuxi√®me fois que je commande un livre et suis insatisfait de cette entreprise. Ils ne savent pas g√©rer la livraison et vous n'√™tes pas averti pas quand il y'a un retard. L√† j'attends toujours ma livraison (command√© il y'a 10 jours), le colis est bloqu√© sur la plateforme depuis une semaine. Les personnes qui vous r√©pondent au t√©l√©phone ne sont pas fran√ßais, et le parlent tr√®s mal, ils ne vous proposent aucune solution. R√©sultat je ne commanderai plus sur les sites d√©localis√©s.;2024-01-29 16:36:12;cdiscount.com;2024-02-01 21:07:43
5;Nous avons √©t√© pris en charge par Damyan pour acheter un four ses conseils avis√©s nous ont permis d √©conomiser de l argent Au lieu de changer le four nous avons fait r√©parer le notre gr√¢ce √† l assurance Darty essentiel pour tous les appareils m√©nagers Ce qui nous a co√ªt√© beaucoup moins cherMerci DamyanMerci aussi aux techniciens qui sont venus r√©parer en un temps record malgr√© la commande de pi√®ce Je suis vraiment tr√®s satisfaite du service;2024-01-31 10:26:34;cdiscount.com;2024-02-01 21:07:43
5;Magasin tr√®s accueillant, j'ai eu affaire aux services administratifs, √† la caisse, au service de retrait et √† un vendeur tous quatre tr√®s agr√©ables et comp√©tents. Peu (tr√®s) d'attente partout et personnels tr√®s arrangeants. J'ai √©t√© parfaitement conseill√© dans de nombreux domaine, je recommande ce magasin.;2024-01-31 13:59:31;cdiscount.com;2024-02-01 21:07:43
5;J'ai achet√© une excellente mini cha√Æne, qui dispose des fonctionnalit√©s indispensables, la qualit√© per√ßue est bonne (il n'y a qu'√† voir le bornier √† vis pour le raccordement des enceintes) le son est franchement correct comme souvent chez Yamaha, la puissance largement suffisante pour une petite pi√®ce. Il manquerait la connectivit√© type Musicast de chez Yamaha mais vu le prix on ne peut pas tout avoir.Par contre lors de l'achat en magasin l'article √©tait plus cher que sur leur site internet ! J'ai du voir avec le responsable du magasin pour qu'ils s'alignent, chose qu'ils ont fait üëç;2024-01-30 16:41:00;cdiscount.com;2024-02-01 21:07:43
5;J'ai achet√© un lave vaisselle suite aux conseils du vendeur qui nous a accueilli chaleureusement, S√©bastien, charmante personne √† l'√©coute de nos demandes. Il a √©t√© tr√®s perspicace alors que ce n'est pas son rayon, le produit fonctionne correctement pour le moment donc rien √† dire. Nous sommes partis avec de petits cadeaux et une assurance car l'explication qui nous a √©t√© donn√©e √©tait honn√™te et tr√®s claire. Merci d'ailleurs !!!;2024-01-28 16:03:40;cdiscount.com;2024-02-01 21:07:43
5;Bonjour,Comme √† l'habitude, Darty propose des produits, une √©coute, des conseils, livraison et installation, de tr√®s haute qualit√©.Pr√©f√©rant acheter chez Darty que simplement par internet.Recommande fortement.;2024-01-31 13:44:13;cdiscount.com;2024-02-01 21:07:43
5;Frigo qualit√© prix nickel, il n'est pas tr√®s grand mais pour ce que j'en fait c'est parfait. Vendeurs et livreurs Darty toujours aimables et agr√©ables.;2024-02-01 13:47:08;cdiscount.com;2024-02-01 21:07:43
1;J'attends une commande de po√™le tefal qui devait arriver le 20 janvier - Malgr√© mes relances je n'ai toujours pas de nouvelles, 0 sms, aucun geste commercial, aucun appel  c'est vraiment inadmissible et irrespectueux de votre part ... je suis vraiment d√©√ßu et tr√®s m√©contentement de votre service qui n'est pas ou plus √†  la hauteur...R.sekkat  Le Mans;2024-01-29 22:17:21;cdiscount.com;2024-02-01 21:07:43
5;Produit qui correspond exactement √† mes attentes. Silencieux. Produit haut de gamme hors de mon budget pr√©visionnel, mais achet√© durant les soldes de janvier 2024 j'ai donc profit√© d'un excellent rapport qualit√©/prix. Livraison et installations effectu√©es dans les d√©lais. Livreurs sympathiques.;2024-01-27 14:49:07;cdiscount.com;2024-02-01 21:07:43
1;Technicien en retard que j'ai attendu pendant 4h30,Lorsque je fais une remarque sur le non respect des horaires c'est le technicien qui m'engueule,1 seule panne r√©gl√©e sur les 2 signal√©e avant l'intervention, soit disant la seconde panne √©tait due au fait que je n'avais pas nettoy√© le filtre (s√®che linge de 6 mois), apr√®s le d√©part du technicien je lance un s√©chage et √ßa ne fonctionne toujours pas,J'appelle la hotline pour faire part de mon m√©contentement et on m'assure qu'un responsable prendra contact avec moi sous 72h max et je n'ai toujours pas √©t√© recontact√©,Pour finir le vendeur m'avait forc√© la main pour que je prenne l'abonnement Darty Max √† 10‚Ç¨ par mois cens√© m'apporter un service d'assistance et de d√©pannage prioritaire avec le remplacement de l'appareil en cas de panne...Si j'ai achet√© chez Darty c'est pour son service apr√®s-vente qui est devenu d√©sastreux !;2024-01-31 18:23:15;cdiscount.com;2024-02-01 21:07:43
1;"J'ai command√© pass√© une grosse commande sur internet, livr√©e par Darty: 4 four micro-ondes, 4 lave-linge, 4 r√©frig√©rateur pour 4 cuisine.J'ai finalement d√©cid√© de remplacer un des fours micro-ondes par un ""gros"" four classique que je suis all√©e acheter dans un magasin Darty.J'ai appel√© le service client Darty pour la reprise du four micro-ondes. On m'a dit qu'il √©tait impossible de le rapporter en magasin. Un transporteur doit venir le chercher et je dois payer 69‚Ç¨ de frais de r√©tractation !!!Honteux! Je pensais qu'en France on a 14 jours pour changer d'avis apr√®s une commande internet. Et je croyais qu'on n'avait pas le droit de faire payer des frais de r√©tractation... dommage pour moi. Mais on ne reprendra plus √† commander sur le site Darty";2024-01-31 10:26:52;cdiscount.com;2024-02-01 21:07:43
1;J'ai achet√© un d√©codeur TV jvc √† 40 euros et rien ne fonctionne il faut faire la croix et la banni√®re pour un remboursement. Je regrette am√®rement mon achat chez Darty. Consience professionnel 0. Service clients abominable. Quand on est au magasin pour effectuer un achat Darty on demande si cela est compatible ou s'il fonctionne bien. On nous dit oui oui oui oui oui oui. Arriver √† la maison rien ne fonctionne. J'ai foutu 40 euros dans la poubelle.;2024-01-30 16:08:25;cdiscount.com;2024-02-01 21:07:43
1;Achet√© un v√©lo √©lectrique de marque Eleglide chez un des partenaires de Darty qui s'appele FASTPRINT.900km parcourus et la batterie prend feu.Je contacte Darty qui me met en relation avec le vendeur. √Ä ce jour le vendeur FASTPRINT m'en envoy√© une batterie mais pas la connexion de batterie qu'il m'avait promis par √©crit.Finalement Darty ne m'est d'aucun secors puisque chaque appel que je fais √† Darty , n'est qu'une plateforme qui re√ßoit les appels sans apporter de soutien au client..C'est scandaleux de faire un partenariat avec le Vendeur FASTPRINT qui ne respecte pas le client ni l'engagement qu'il prend par √©crit .Darty et Fastprint c'est termin√©. Z√©ro point√©...;2024-01-29 16:39:54;cdiscount.com;2024-02-01 21:07:43
5;concernant DARTY pr√®s de chez moi, tr√®s bon accueil, personnel au top qui a r√©pondu √† toutes nos questions sur les deux produits achet√©s, tr√®s bons vendeurs tr√®s sympathiques. Les produits sont d'excellente qualit√©. Friteuse sans huile NINJA FOODIE AIR FRYER et la cafeti√®re broyeur DELONGHI DINAMICA;2024-01-23 16:59:43;cdiscount.com;2024-02-01 21:07:43
5;Livraison 48h apr√®s la commande et rdv √† la minute pr√®s. Les livreurs tr√®s sympathiques  ont repris l'ancienne machine et l'installation a √©t√© tr√®s rapide. Impeccable !;2024-01-28 14:04:59;cdiscount.com;2024-02-01 21:07:43
1;"Service client a fuir !!  DARTYMAX = vol organis√© !!Darty c'est fini dor√©navant j'irais chez le concurrent !J'ai souscrit un contrat DARTYMAX lors d'un gros achat, au bout de 12 mois (dur√©e du contrat), n'en ayant pas utilit√© je veux r√©silier (""c'est facile par internet sur votre compte client"") que nenni, sur votre compte client il n'y a pas l'abonnement !!  donc rendez vous au magasin : ""on ne peux rien faire appelez le service client, ils vont le r√©silier directement par t√©l√©phone !"" apr√®s appel et demande de r√©siliation ""voil√† votre contrat est r√©sili√©"" sauf que le pr√©l√®vement bancaire DARTYMAX lui, il continue tous les mois; Oblig√© de rentrer en proc√©dure pour le faire stopper et pendant ce temps, les mois passent et DARTY encaisse...  je ne m'attendais pas a des pratiques aussi ""limites"" chez eux, dor√©navant je n'y mettrais plus les pieds et j'irais chez le concurrent plus un seul centime ne sera d√©pens√© chez DARTY et c'est dommage pour eux.";2024-01-30 18:51:54;cdiscount.com;2024-02-01 21:07:43
1;"Lors d'un achat d'imprimante du 29/07/2023 on m'a impos√© une assurance gratuite un mois et que j'ai refus√©e. Depuis plusieurs mois on me fait des pr√©l√®vements sur la carte qui m'a servie √† r√©gler l'achat. je fais une r√©clamation et on me r√©silie ce contrat. on m'appelle pour avoir des pr√©cisions et pour me ""faire plaisir"" on me supprime le dernier pr√©l√®vement de janvier. Ce pr√©l√®vement vient quand m√™me d'√™tre tir√©. Chez Darty les m√©thodes de ventes sont peu loyales et mensong√®res. Je ne leur fait plus confiance";2024-01-30 12:32:30;cdiscount.com;2024-02-01 21:07:43
5;Parfait. Commande pass√©e sur internet, retrait en magasin (Vichy) rapide et avec un vendeur serviable qui m'a aid√© √† transporter le produit jusqu'√† la voiture.;2024-01-29 13:49:03;cdiscount.com;2024-02-01 21:07:43
1;Bonjour, j'ai achet√© un lave linge chez Darty seconde vie. Deux transporteurs l'ont install√©. Comme ils avaient l'air costaud et exp√©riment√©s en les voyant trainer le lave linge sur mon parquet, j'√©tais certes perplexe mais j'ai cru qu'il y avait des patins et je n'ai rien dit bien que mes yeux en disait long !La pi√®ce √©tant sombre je ne m'en suis pas rendu compte tout de suite et donc je n'ai rien not√© avant de signer la bonne r√©ception du mat√©riel.Le soir j'ai vu des rayures exactement √† l'endroit o√π ils ont tra√Æn√© le lave linge.J'ai contact√© Darty qui m'a r√©pondu dans un d√©lai court. Ils ont imm√©diatement renvoy√© mes coordonn√©es √† Darty occasion.Darty occasion m'a contact√© en me promettant de passer voir les d√©g√¢ts. Personne n'est venu et par ailleurs lorsque j'appelle, Darty continue √† me r√©pondre imm√©diatement sauf que Darty Occasion ne r√©pond jamais. J'ai laiss√© des messages √† plusieurs reprises sans jamais √™tre connect√©. Je trouve cela insens√© d'embaucher des transporteurs qui ne sont pas form√©s !;2024-01-30 00:13:08;cdiscount.com;2024-02-01 21:07:43
5;Une √©quipe Incroyable, √† l‚Äô√©coute, patient et tr√®s aimable. J‚Äôai √©t√© tr√®s bien re√ßu au magasin du Havre Coty. Je suis tr√®s satisfaite de mon achat et du service client. Je recommande fortement.;2024-01-31 18:18:00;cdiscount.com;2024-02-01 21:07:43
4;Vendeur tr√®s qualifi√©, aimable et de bons conseils (dommage qu'il nous ait vendu une assurance dont on ne se servira jamais !);2024-01-29 18:23:58;cdiscount.com;2024-02-01 21:07:43
3;"Je boycot Amazon donc j'utilise Temu. En revanche il faut faire super attention aux prix. Vous pouvez tr√®s facilement sans le faire expr√®s acheter quelque chose de moindre qualit√© au m√™me prix voir plus que le Action qui se trouve √† deux pas de chez vous.M√™me quand vous d√©sactivez les notifications, vous aurez des messages comme ""Untel vient d'acheter 5 Articles..."" alors que vous √™tes Hors Connexion.Il est grand temps de faire une th√©rapie contre le consum√©risme. L'article vous l'aurez dans un mois mais croyez moi √ßa va pas vraiment changer votre vie puisque la qualit√© est en contradiction avec ce qui est pr√©sent√© √† l'√©cran. Fa√Ætes tr√®s attention aux mesures, prenez garde !";2024-02-01 11:23:24;cdiscount.com;2024-02-01 21:07:43
5;Je recommande, jamais de probl√®me avec les payements ou les livraisons. Pour ma derni√®re commande j'ai pas bien lu les descriptifs donc pas ce que je pensais mais les remboursements ce font rapidement si on choisit la fa√ßon bon d'achat je dirais. Ce qui est emb√™tant mais g√©n√©reux de la part de temu c'est qu'on nous dit de gard√© les produits en plus du remboursement. Merci;2024-01-30 18:33:54;cdiscount.com;2024-02-01 21:07:43
5;Site s√©rieux et rapide avec tellement de choix sympas ! Apr√®s on ach√®te chinois alors on sait √† quoi s'attendre, n√©anmoins les chinois ont su progresser en qualit√© pour conqu√©rir le march√© occidental ...le r√©sultat est plut√¥t bien. J'ach√®te en fonction de mes besoins uniquement et je prends le temps de d√©tailler. Jusqu'√† pr√©sent tous mes achats me satisfont. Je recommande volontiers ce site.;2024-01-29 19:09:10;cdiscount.com;2024-02-01 21:07:43
1;une premi√®re exp√©rience dans un photomaton pour un permis de conduire, photo donn√© comme conforme,Je devais recevoir une copie num√©rique par mail , mais je n'ai rien re√ßu.5 euros de perduces photos sont jug√©s non conforme par antsJe recommance dans un autre photomaton et je r√©ussi tant bien que mal √† avoirdes photos d'identit√© d√©clar√©s  une nouvelle fois conforme pour tout documents officiel et √† nouveau refus√© par ants.encore 5 euros de perdu.et un timbre √† chaque fois pour exp√©dier la photo. Cela provoque des lenteurs incroyable vu qu'il y a des d√©lais avec ants et √† chaque fois qu'une ploto est refus√©e, c'est toute la demande qui est √† refaire. J'ai nouveau rendez vous √† la mairie dans 2 mois et il faudra un troisi√®me mois pour avoir la pi√®ce d'identit√©. J'√©i fais une demande de remboursement avec justificatif par internet , on dit que le demande est pris en compte, mais vous ne recevez aucun accus√© de r√©ception, cette demande disparait et il n'y a ensuite aucune nouvelle .C'est inadmissible.;2024-02-01 14:03:01;cdiscount.com;2024-02-01 21:07:43
1;J'ai achet√© des lames gilettes enfin √ßa ressemble premi√®re utilisation elles font mal comme si elles avaient √©t√© utilis√©e d√©j√† plusieurs fois, De la qualit√© vraiment m√©diocre, vu le prix pas √©tonnant, le plus aberrant se sont les avis dans leur site, tout les articles on pratiquement 5 voir 4 √©toiles comment c'est possible en vendant de la m...., ou ce sont des faux avis ou ils retire les mauvais ou les Europ√©ens sont trop facile √† arnaquer, plus jamais;2024-01-31 13:54:04;cdiscount.com;2024-02-01 21:07:43
4;J'ai dit tout le mal que je pensais de temu dans des pr√©c√©dents posts mais je  souhaiterais signaler aussi le positif. J en suis √† la troisi√®me commande. Tout se d√©roule parfaitement pour la commande et les livraisons. Du s√©rieux. Par contre, la qualit√© de certains articles laisse √† d√©sirer. Pour des raisons morales et √©thiques, je ne commanderai plus d articles √† temu sauf si j en ai besoin. Les sollicitations font que je commande et finalement , je d√©pense plus d argent sans r√©el besoin. Les livraisons gratuites (enfin pour un minimum d achat de 10 euros) concourent √† cette fr√©n√©sie d achat.;2024-01-29 15:52:16;cdiscount.com;2024-02-01 21:07:43
5;3 commandes pass√©es, articles conforme aux annonces, tr√®s satisfaite de mes achats, idem pour les habits, belle qualit√©, motifs etc. Prix correct voir r√©duction.D√©lai affich√© en mail, je trouve a ce niveau Temu s√©rieux.Je recommande car satisfaite et d√©j√† d'autres articles en vue.;2024-01-28 22:28:24;cdiscount.com;2024-02-01 21:07:43
1;impossible de payer toujours ma carte gold a ete refuse amazon est plus serieux ca passe sans probleme vous  n avez pas besoin d argent tres mecontent;2024-01-31 11:14:13;cdiscount.com;2024-02-01 21:07:43
4;Livraisons gratuites effectu√©es dans les d√©lais, remboursement rapide pour les articles d√©fectueux mais on ne peut pas les retourner, de mon c√¥t√© je vais les remettre au recyclage. Choix vari√©s. Peut-√™tre plus de d√©tails sur certains articles comme utilise c√¢ble USB et dimensions, √ßa n'emp√™che que j'adore.;2024-01-30 13:37:30;cdiscount.com;2024-02-01 21:07:43
1;ATTENTION Articles manquants dans mon colis, impossible de se faire rembourser. Honteux. Je n avais jamais eu de probl√®mes avec Temu. Une commande divis√©e en 2 colis. Le premier colis ok. Le 2eme, on oublie. Il portait le m√™me num√©ro de suivi qu une autre commande arriv√©e elle aussi incomplete. Ils refusent de me rembourser pr√©textant que l entrep√¥t a bien envoy√© les articles et que le colis est bien arriv√©. Bref je n' ai aucun moyen  de me retourner. J ai √©chang√© par Chat avec plusieurs personnes mais rien ne bouge. C est un discours de sourd. Je ne recommande plus sur ce site.;2024-01-31 09:47:20;cdiscount.com;2024-02-01 21:07:43
2;Modele et taille ne correspond pas √† ce qu ilcetait command√©.  T shirt ne correspond pas √† la photo, ni la couleur, ni le motif, brod√© sur la photo, vulgaire collant plastifi√© re√ßu. J ai test√©, j ai appris, c est fini.;2024-01-30 11:15:34;cdiscount.com;2024-02-01 21:07:43
5;Vu les prix, j'√©tais vraiment m√©fiante, mais j'ai √©t√© tr√®s agr√©ablement surprise. Rien √† redire, j'avais command√© des lampes de bureau et des sous-v√™tements, j'en suis tr√®s satisfaite. Excellent rapport qualit√©-prix. Je recommande.;2024-01-29 19:39:24;cdiscount.com;2024-02-01 21:07:43
5;"Tr√®s Bien-RAS-MERCI(par contre ne me faites plus jamais livrer par ""COLIS PRIVE "" plus de livraison avec eux!!!A proscrire d√©finitivement!!! des charlatans, des mauvais, et de surcroit des"" menteurs"")on paye une livraison √† domicile"" pas dans un d√©p√¥t";2024-01-29 19:29:41;cdiscount.com;2024-02-01 21:07:43
1;Hier j'ai commander un mixeur grain a cafer et aujourd'hui on a essayer de rentrer sur mon compte ma carte on a essayer de taper mon code carte trois fois carte bloquer alors qu'elle √©tait sur moi  voil√† co√Øncidence cette histoire m'a co√ªter une nouvelle carte;2024-01-30 19:08:27;cdiscount.com;2024-02-01 21:07:43
5;J'ai fait plusieurs commandes,  toujours re√ßues en 1 semaine environ. Si l article ne va pas , il est rembours√© immediatement,  c'est vrai en avoir, mais on trouve toujours quelque chose √†  acheter, on m a m√™me demand√© de ne pas retourner l article, ce qui m a g√™n√© Je ne veux pas profiter!Pour l instant, je recommande;2024-01-29 00:35:57;cdiscount.com;2024-02-01 21:07:43
5;C‚Äô est trop cool wsh j‚Äôaime tellement je m‚Äôattache √† se site te je veux tout acheter 100 % fiable je sais ce que je veux √† mon anniversaire comme de TEMU üëåü•∞üòö;2024-01-30 19:11:57;cdiscount.com;2024-02-01 21:07:43
3;pour le moment tres bien ,aujourd hui  j ai voulu faire une commande pour 3 articles _7e59_6e08_et 5e49 euros pour vous total 21,26 euros oui mais pour moi 19,16 euros ?????????;2024-01-30 17:41:46;cdiscount.com;2024-02-01 21:07:43
1;Une √©toile parce que pas de possibilit√© de faire moins!J'ai pass√© plusieurs commandes chez TEMU. Jusqu'ici pas de souci particulier...Mais la derni√®re commande d'une valeur de 171,21 euros EN DATE DU 19.01.2024 n'est jamais arriv√©e et ce malgr√© l'avis de suivi indiquant que le colis est bien livr√©.Apr√®s plusieurs tentatives d'explications, de demandeS de remboursement avec plusieurs tickets ouverts, puis referm√©s pa TEMU, j'ai re√ßu un mail m'indiquant que leurs √©quipes avaient enqu√™t√© et que de leur point de vue, le colis avait √©t√© livrer √† la bonne adresse avec tous articles command√©s...Ha tient ? !Et voil√† pour eux l'affaire s'arr√™te ici !!   Sauf que dans la vraie vie ...  et dans les faits, je n'ai jamais re√ßu le colis en question, je n'ai jamais √©t√© rembourser !!      Alors que faire ?!  Rien !   Comment qualifier ceci ? un vol ? Une arnaque ?                 M√™me si oui, j'avais √©t√© pr√©venu de cette  possibilit√© d'arnaque et qu'autour de moi il y avait d√©j√† eu quelques cas avec cette entreprise chinoise, j'ai voulu croire que tout se passerais au mieux...Quel dommage !!!DONC JE VOUS INVITE A FORTEMENT REVOIR VOS PULSIONS D' ACHAT SUR CE SITE FRAUDULEUX !!temu = arnaque !!!TEMU = ARNAQUE  !!Date de commande : 19 janv. 2024Num√©ro de commande : PO-069-13576164193913318;2024-02-01 11:44:36;cdiscount.com;2024-02-01 21:07:43
3;D√©lais tenus mais je regrette  que  depuis ma commande  je suis  litt√©ralement  inond√©e de spams.(une centaine par jour environ. );2024-01-30 09:34:46;cdiscount.com;2024-02-01 21:07:43
5;Articles a prix tr√®s int√©ressants. √âvidemment, parfois la qualit√© est moindre mais on le sait quand on paie si peu. Mais √©norm√©ment de choix dans toutes sortes de cat√©gories : v√™tements homme/femme, cuisine, maison, ... Toujours re√ßu la marchandise en bon √©tat et dans le temps imparti.Service apr√®s-vente excellent et tr√®s tr√®s r√©actif. Les remboursements sont quasi imm√©diats et les op√©rateurs tr√®s compr√©hensifs. J'avais peur avant de commander pour la premi√®re fois mais maintenant, je commande tr√®s r√©guli√®rement et jamais aucun souci.Je recommande üëç;2024-01-23 23:46:36;cdiscount.com;2024-02-01 21:07:43
5;super exp√©rience d achat description des produits parfaite et bien mis en valeur rapport qualit√© prix excellent rapport a d autre s sites en ligne  et l option garantie ou rembourse 2 mois c 'est vraiment super si on change d 'avis!! livraison en 2 jrs ouvres rien a dire !!;2024-02-01 12:42:58;cdiscount.com;2024-02-01 21:07:43
3;Profitez des offres ATTENTION AUX PIEGES! Nottament les abonnements divers pour les ristournes et offres sp√©ciales. La plupart vous prennent par d√©ception. Il faut etre au taquet pour lire entre les lignes et se d√©sabonner a temps sinon gare au porte monnaie! J'ai oubli√© de me d√©sabonner a cdiscount a volont√© et le service client a refus√© de me rembourser le renouvellement le jour d'avant. Oui ils ont le droit mais c'est bien la premiere fois qu'on me la fait, tous les autres commerces a qui j'ai eu affaire sont compr√©hensifs et indulgents dans des cas similaires. A bon entendeur salut! MISE A JOUR, en fait la demande de r√©siliation √©tait bien dans les temps. En insistant, ils ont fini par valider la demande et me rembourser. Je pense que le pr√©sent avis a fait effet! Je remonte d'une √©toile;2024-01-31 15:44:44;cdiscount.com;2024-02-01 21:07:43
2;J'ai d√©ja mis un avis tr√©s d√©favorable (1 √©toile ) le 3 d√©cembre 2023. Je reviens plus d'un mois pour rajouter une √©toile.J'ai re√ßu un 1er frigo abim√©, 4 semaine pour le remplacer. Le 2eme arriv√©, aussi abim√© et reparti aussit√¥t. Le SAV totalement incomp√©tent et qui voulait me retirer 50 euros sur le prix d'achat.On m'avait annonc√© 5 jours maxi pour le remboursement. Rien apr√®s 1 mois!Oblig√© d'envoyer un recommand√© (non rembours√©) pour me faire rembourser en une semaine. Voila une petite √©toile de plus. Ce qui ne changera rien sur le fait que cette soci√©t√© est sur ma blacklist.;2024-01-30 10:38:40;cdiscount.com;2024-02-01 21:07:43
5;Je suis tr√®s contente de CDiscount, ils sont efficaces et consciencieux.J'aime CDiscount A Volont√©.Je viens de commander un balai aspirateur il y a 2 minutes et je le re√ßois demain, alors que dire de plus.Ah oui: Merci CDiscount!!;2024-01-29 11:11:01;cdiscount.com;2024-02-01 21:07:43
5;Une commande pass√©e le 26/12/23, livraison pr√©vue entre le 17/01/2024 et le 23/01/2024 et du coup livr√©e bien avant le 17/01 - Merci !!! Tr√®s bon article, de bonne qualit√©, coutures toutes v√©rifi√©es et sans aucun probl√®me, veste toute fourr√©e √† l'int√©rieur et l'impression visuelle dans le dos semble de bonne qualit√©. Juste une petite remarque : on nous annonce un visuel en 3D, qui n'est pas vraiment en 3 D (juste un flocage en vinyle autocollant lisse et sans relief !). Esp√©rons qu'il tienne au lavage... A part √ßa, c'√©tait ma premi√®re cde sur Cdiscount, tout c'est tr√®s bien pass√©, de la commande, au paiement en ligne jusqu'√† la livraison.;2024-01-24 14:44:43;cdiscount.com;2024-02-01 21:07:43
5;Nombreux filtres sur les diff√©rents appareils, prix sympa... cela permet d'y voir plus clair lorsque l'on est un peu n√©ophyte, surtout lorsque l'on a des avis d'autres utilisateurs ayant achet√© ce m√™me article...;2024-01-24 14:38:09;cdiscount.com;2024-02-01 21:07:43
4;Apr√®s de longues n√©gociations par t√©l√©phone et par courrier , le Sav  a fini par r√©soudre notre litige de mani√®re super correcte et commerciale! Je remercie l‚Äô√©quipe ! √áa a √©t√© long mais vous avez assur√©! je remercie l‚Äô√©quipe de c discount!;2024-01-30 10:35:18;cdiscount.com;2024-02-01 21:07:43
5;Mon chat a √©t√© hospitalis√© 2 fois suite √† un probl√®me de stresse il se bloquait les Reims et ne pouvait plus uriner. le v√©t√©rinaire  nous a conseill√©   d'essayer la prise feliway, Depuis mon chat est beaucoup moins stress√©, il recommence √† jouer et sa sant√© c'est beaucoup am√©lior√©e,  je recommande le produit.;2024-01-22 13:06:08;cdiscount.com;2024-02-01 21:07:43
2;En cas de probl√®me, n'attendez rien du service client. Preparez-vous √† devoir les appeler 6 fois. M√™me le retour d'un produit d√©fectueux est √† votre charge. Lamentable...;2024-01-29 22:37:11;cdiscount.com;2024-02-01 21:07:43
5;Le rapport qualit√©/prix et le soucis de proposer les moyens de d√©pannage et le service apr√®s vente. Mon avis est ressenti et il exprime ce que je trouve utile dans l'entreprise en question.;2024-01-25 21:22:07;cdiscount.com;2024-02-01 21:07:43
5;client depuis plusieurs ann√©es chez cdiscount vaste choix et s√©rieux dans les envois et la prise en charge des commandes tr√©s tr√©s satisfait;2024-01-25 09:19:23;cdiscount.com;2024-02-01 21:07:43
3;Bjr je suis d√©√ßu du site Cdiscount il a beaucoup de probl√®me avec les articles qu on re√ßoit sa bien chang√©;2024-01-30 15:16:25;cdiscount.com;2024-02-01 21:07:43
1;"Les + : Rapide et prix correctsLes - : Pratiques plus que douteuses, cagnotte qui disparait toute seule et qui est suppos√© r√©apparaitre 48h plus tard, abonnements pas clairs il faut bien lire entre les lignes. Leurs pseudos avantages me font penser aux attrape-nigauds que recevaient mon grand-p√®re par courrier... ""F√©licitation, vous avez gagn√© ..."". Aucun num√©ro de t√©l√©phone pour les joindre ni de lien vers leurs RS. A fuir !";2024-01-31 21:21:32;cdiscount.com;2024-02-01 21:07:43
5;CDiscount offre un choix tr√®s vaste de produits avec bien souvent les prix les plus comp√©titifsLa navigation est agr√©able et le site fonctionne bien Les exp√©ditions sont tr√®s rapides encore plus pour les produits CDiscount √† volont√©;2024-01-24 13:50:19;cdiscount.com;2024-02-01 21:07:43
5;Site au top j'utilise cdiscount depuis plusieurs ann√©es maintenant et je recommande;2024-02-01 12:17:37;cdiscount.com;2024-02-01 21:07:43
3;n'ayant pas le num√©ro de commande je n'ai pas pu donner de pr√©cisions aux vendeurs du portemanteau et donc pas pu avoir les crochets de remplacement que je d√©sirais. J'ai d√ª racheter un porte manteau ...;2024-01-23 12:14:19;cdiscount.com;2024-02-01 21:07:43
5;Tr√®s bon site, achats faciles √† r√©aliser, d√©lais de livraison respect√©s... Je recommande;2024-01-29 12:32:22;cdiscount.com;2024-02-01 21:07:43
2;Tr√®s d√©√ßu pas sp√©cialement par Cdiscount mais par un vendeur de t√©l√©phone une soci√©t√© titanium. Impossible de se faire rembourser car je dois envoyer mon t√©l√©phone chez Xiaomi est rest√© un mois sans t√©l√©phone sauf que le t√©l√©phone c'est mon outil de travail.. votre r√©ponse Serre a rien.. beaucoup moins de soucis avec Amazon;2024-01-23 18:15:18;cdiscount.com;2024-02-01 21:07:43
5;Toujours aucuns probl√®mes pour passer les commandesImpeccable !!!;2024-02-01 06:42:53;cdiscount.com;2024-02-01 21:07:43
1;Des voleurs !!!! cliente depuis des ann√©es j'ai toujours command√© mon √©lectrom√©nager chez c discount ou je n'ai jamais eu de soucis mais la c'est termin√© la prochaine fois c'est amazon tampis on fera plus travailler fran√ßais....une hotte continental edison √† 150 euros qui ne fonctionne pas en arrivant on me donne un num√©ro de t√©l√©phone pr le sav qui me dit ne pas s'occuper de cette r√©f√©rence et ducoup de rappeller cdiscount, ce que fait et la je ne peux pas r√©tracter parce que j'ai utilis√© la hotte ...des voleurs il n'y pas d'autre mot !!!!! Adieu cdiscount profitez bien des derniers 240 euros de ma part A jamais;2024-02-01 14:32:06;cdiscount.com;2024-02-01 21:07:43
